{
    "particles": {
      "number": {
        "value": 100,
        "density": {
          "enable": true,
          "value_area": 800
        }
      },
      "color": {
        "value": "#ffffff"
      },
      "shape": {
        "type": "circle"
      },
      "opacity": {
        "value": 0.5,
        "random": true,
        "anim": {
          "enable": true,
          "speed": 1,
          "opacity_min": 0.1,
          "sync": false
        }
      },
      "size": {
        "value": 3,
        "random": true,
        "anim": {
          "enable": true,
          "speed": 4,
          "size_min": 0.1,
          "sync": false
        }
      },
      "line_linked": {
        "enable": true,
        "distance": 150,
        "color": "#ffffff",
        "opacity": 0.4,
        "width": 1
      },
      "move": {
        "enable": true,
        "speed": 3,
        "direction": "none",
        "random": false,
        "straight": false,
        "out_mode": "out",
        "bounce": false,
        "attract": {
          "enable": false,
          "rotateX": 600,
          "rotateY": 1200
        }
      }
    },
    "interactivity": {
      "detect_on": "canvas",
      "events": {
        "onhover": {
          "enable": true,
          "mode": "repulse"
        },
        "onclick": {
          "enable": true,
          "mode": "push"
        },
        "resize": true
      }
    },
    "retina_detect": true
  }
  